MySQL Shell 8.0.35

Copyright (c) 2016, 2023, Oracle and/or its affiliates.
Oracle is a registered trademark of Oracle Corporation and/or its affiliates.
Other names may be trademarks of their respective owners.

Type '\help' or '\?' for help; '\quit' to exit.
 MySQL  JS > \c --mc root@localhost
Creating a Classic session to 'root@localhost'
Fetching schema names for auto-completion... Press ^C to stop.
Your MySQL connection id is 18
Server version: 8.0.35 MySQL Community Server - GPL
No default schema selected; type \use <schema> to set one.
 MySQL  localhost:3306 ssl  JS > \sql
Switching to SQL mode... Commands end with ;
Fetching global names for auto-completion... Press ^C to stop.
 MySQL  localhost:3306 ssl  SQL > create database empresa;
Query OK, 1 row affected (0.0085 sec)
 MySQL  localhost:3306 ssl  SQL > use empresa;
Default schema set to `empresa`.
Fetching global names, object names from `empresa` for auto-completion... Press ^C to stop.
 MySQL  localhost:3306 ssl  empresa  SQL > DROP TABLE IF EXISTS countries;
Query OK, 0 rows affected, 1 warning (0.0067 sec)
Note (code 1051): Unknown table 'empresa.countries'
 MySQL  localhost:3306 ssl  empresa  SQL > CREATE TABLE countries (
                                        -> COUNTRY_ID varchar(2) NOT NULL,
                                        -> COUNTRY_NAME varchar(40) DEFAULT NULL,
                                        -> REGION_ID decimal(10,0) DEFAULT NULL,
                                        -> PRIMARY KEY (COUNTRY_ID),
                                        -> KEY COUNTR_REG_FK (REGION_ID));
Query OK, 0 rows affected (0.0340 sec)
 MySQL  localhost:3306 ssl  empresa  SQL > INSERT INTO countries
                                        -> VALUES ('AR','Argentina',2),
                                        -> ('AU','Australia',3),
                                        -> ('BE','Belgium',1),
                                        -> ('BR','Brazil',2),
                                        -> ('CA','Canada',2),
                                        -> ('CH','Switzerland',1),
                                        -> ('CN','China',3),
                                        -> ('DE','Germany',1),
                                        -> ('DK','Denmark',1),
                                        -> ('EG','Egypt',4),
                                        -> ('FR','France',1),
                                        -> ('HK','HongKong',3),
                                        -> ('IL','Israel',4),
                                        -> ('IN','India',3),
                                        -> ('IT','Italy',1),
                                        -> ('JP','Japan',3),
                                        -> ('KW','Kuwait',4),
                                        -> ('MX','Mexico',2),
                                        -> ('NG','Nigeria',4),
                                        -> ('NL','Netherlands',1),
                                        -> ('SG','Singapore',3),
                                        -> ('UK','United Kingdom',1),
                                        -> ('US','United States of America',2),
                                        -> ('ZM','Zambia',4),
                                        -> ('ZW','Zimbabwe',4);
Query OK, 25 rows affected (0.0141 sec)

Records: 25  Duplicates: 0  Warnings: 0
 MySQL  localhost:3306 ssl  empresa  SQL > CREATE TABLE departments (
                                        -> DEPARTMENT_ID decimal(4,0) NOT NULL DEFAULT '0',
                                        -> DEPARTMENT_NAME varchar(30) NOT NULL,
                                        -> MANAGER_ID decimal(6,0) DEFAULT NULL,
                                        -> LOCATION_ID decimal(4,0) DEFAULT NULL,
                                        -> PRIMARY KEY (DEPARTMENT_ID),
                                        -> KEY DEPT_MGR_FK (MANAGER_ID),
                                        -> KEY DEPT_LOCATION_IX (LOCATION_ID));
Query OK, 0 rows affected (0.0423 sec)
 MySQL  localhost:3306 ssl  empresa  SQL > INSERT INTO departments
                                        -> VALUES (10,'Administration',200,1700),
                                        -> (20,'Marketing',201,1800),
                                        -> (30,'Purchasing',114,1700),
                                        -> (40,'Human Resources',203,2400),
                                        -> (50,'Shipping',121,1500),
                                        -> (60,'IT',103,1400),
                                        -> (70,'Public Relations',204,2700),
                                        -> (80,'Sales',145,2500),
                                        -> (90,'Executive',100,1700),
                                        -> (100,'Finance',108,1700),
                                        -> (110,'Accounting',205,1700),
                                        -> (120,'Treasury',0,1700),
                                        -> (130,'Corporate Tax',0,1700),
                                        -> (140,'Control And Credit',0,1700),
                                        -> (150,'Shareholder Services',0,1700),
                                        -> (160,'Benefits',0,1700),
                                        -> (170,'Manufacturing',0,1700),
                                        -> (180,'Construction',0,1700),
                                        -> (190,'Contracting',0,1700),
                                        -> (200,'Operations',0,1700),
                                        -> (210,'IT Support',0,1700),
                                        -> (220,'NOC',0,1700),
                                        -> (230,'IT Helpdesk',0,1700),
                                        -> (240,'Government Sales',0,1700),
                                        -> (250,'Retail Sales',0,1700),
                                        -> (260,'Recruiting',0,1700),
                                        -> (270,'Payroll',0,1700);
Query OK, 27 rows affected (0.0084 sec)

Records: 27  Duplicates: 0  Warnings: 0
 MySQL  localhost:3306 ssl  empresa  SQL >
 MySQL  localhost:3306 ssl  empresa  SQL > DROP TABLE IF EXISTS employees;
Query OK, 0 rows affected, 1 warning (0.0051 sec)
Note (code 1051): Unknown table 'empresa.employees'
 MySQL  localhost:3306 ssl  empresa  SQL > CREATE TABLE employees (
                                        -> EMPLOYEE_ID decimal(6,0) NOT NULL DEFAULT '0',
                                        -> FIRST_NAME varchar(20) DEFAULT NULL,
                                        -> LAST_NAME varchar(25) NOT NULL,
                                        -> EMAIL varchar(25) NOT NULL,
                                        -> PHONE_NUMBER varchar(20) DEFAULT NULL,
                                        -> HIRE_DATE date NOT NULL,
                                        -> JOB_ID varchar(10) NOT NULL,
                                        -> SALARY decimal(8,2) DEFAULT NULL,
                                        -> COMMISSION_PCT decimal(2,2) DEFAULT NULL,
                                        -> MANAGER_ID decimal(6,0) DEFAULT NULL,
                                        -> DEPARTMENT_ID decimal(4,0) DEFAULT NULL,
                                        -> PRIMARY KEY (EMPLOYEE_ID),
                                        -> UNIQUE KEY EMP_EMAIL_UK (EMAIL),
                                        -> KEY EMP_DEPARTMENT_IX (DEPARTMENT_ID),
                                        -> KEY EMP_JOB_IX (JOB_ID),
                                        -> KEY EMP_MANAGER_IX (MANAGER_ID),
                                        -> KEY EMP_NAME_IX (LAST_NAME,FIRST_NAME));
Query OK, 0 rows affected (0.0643 sec)
 MySQL  localhost:3306 ssl  empresa  SQL > INSERT INTO employees
                                        -> VALUES (100,'Steven','King','SKING','515.123.4567','1987-06-17','AD_PRES',24000.00,0.00,0,90),
                                        -> (101,'Neena','Kochhar','NKOCHHAR','515.123.4568','1987-06-18','AD_VP',17000.00,0.00,100,90),
                                        -> (102,'Lex','De Haan','LDEHAAN','515.123.4569','1987-06-19','AD_VP',17000.00,0.00,100,90),
                                        -> (103,'Alexander','Hunold','AHUNOLD','590.423.4567','1987-06-20','IT_PROG',9000.00,0.00,102,60),
                                        -> (104,'Bruce','Ernst','BERNST','590.423.4568','1987-06-21','IT_PROG',6000.00,0.00,103,60),
                                        -> (105,'David','Austin','DAUSTIN','590.423.4569','1987-06-22','IT_PROG',4800.00,0.00,103,60),
                                        -> (106,'Valli','Pataballa','VPATABAL','590.423.4560','1987-06-23','IT_PROG',4800.00,0.00,103,60),
                                        -> (107,'Diana','Lorentz','DLORENTZ','590.423.5567','1987-06-24','IT_PROG',4200.00,0.00,103,60),
                                        -> (108,'Nancy','Greenberg','NGREENBE','515.124.4569','1987-06-25','FI_MGR',12000.00,0.00,101,100),
                                        -> (109,'Daniel','Faviet','DFAVIET','515.124.4169','1987-06-26','FI_ACCOUNT',9000.00,0.00,108,100),
                                        -> (110,'John','Chen','JCHEN','515.124.4269','1987-06-27','FI_ACCOUNT',8200.00,0.00,108,100),
                                        -> (111,'Ismael','Sciarra','ISCIARRA','515.124.4369','1987-06-28','FI_ACCOUNT',7700.00,0.00,108,100),
                                        -> (112,'Jose Manuel','Urman','JMURMAN','515.124.4469','1987-06-29','FI_ACCOUNT',7800.00,0.00,108,100),
                                        -> (113,'Luis','Popp','LPOPP','515.124.4567','1987-06-30','FI_ACCOUNT',6900.00,0.00,108,100),
                                        -> (114,'Den','Raphaely','DRAPHEAL','515.127.4561','1987-07-01','PU_MAN',11000.00,0.00,100,30),
                                        -> (115,'Alexander','Khoo','AKHOO','515.127.4562','1987-07-02','PU_CLERK',3100.00,0.00,114,30),
                                        -> (116,'Shelli','Baida','SBAIDA','515.127.4563','1987-07-03','PU_CLERK',2900.00,0.00,114,30),
                                        -> (117,'Sigal','Tobias','STOBIAS','515.127.4564','1987-07-04','PU_CLERK',2800.00,0.00,114,30),
                                        -> (118,'Guy','Himuro','GHIMURO','515.127.4565','1987-07-05','PU_CLERK',2600.00,0.00,114,30),
                                        -> (119,'Karen','Colmenares','KCOLMENA','515.127.4566','1987-07-06','PU_CLERK',2500.00,0.00,114,30),
                                        -> (120,'Matthew','Weiss','MWEISS','650.123.1234','1987-07-07','ST_MAN',8000.00,0.00,100,50),
                                        -> (121,'Adam','Fripp','AFRIPP','650.123.2234','1987-07-08','ST_MAN',8200.00,0.00,100,50),
                                        -> (122,'Payam','Kaufling','PKAUFLIN','650.123.3234','1987-07-09','ST_MAN',7900.00,0.00,100,50),
                                        -> (123,'Shanta','Vollman','SVOLLMAN','650.123.4234','1987-07-10','ST_MAN',6500.00,0.00,100,50),
                                        -> (124,'Kevin','Mourgos','KMOURGOS','650.123.5234','1987-07-11','ST_MAN',5800.00,0.00,100,50),
                                        -> (125,'Julia','Nayer','JNAYER','650.124.1214','1987-07-12','ST_CLERK',3200.00,0.00,120,50),
                                        -> (126,'Irene','Mikkilineni','IMIKKILI','650.124.1224','1987-07-13','ST_CLERK',2700.00,0.00,120,50),
                                        -> (127,'James','Landry','JLANDRY','650.124.1334','1987-07-14','ST_CLERK',2400.00,0.00,120,50),
                                        -> (128,'Steven','Markle','SMARKLE','650.124.1434','1987-07-15','ST_CLERK',2200.00,0.00,120,50),
                                        -> (129,'Laura','Bissot','LBISSOT','650.124.5234','1987-07-16','ST_CLERK',3300.00,0.00,121,50),
                                        -> (130,'Mozhe','Atkinson','MATKINSO','650.124.6234','1987-07-17','ST_CLERK',2800.00,0.00,121,50),
                                        -> (131,'James','Marlow','JAMRLOW','650.124.7234','1987-07-18','ST_CLERK',2500.00,0.00,121,50),
                                        -> (132,'TJ','Olson','TJOLSON','650.124.8234','1987-07-19','ST_CLERK',2100.00,0.00,121,50),
                                        -> (133,'Jason','Mallin','JMALLIN','650.127.1934','1987-07-20','ST_CLERK',3300.00,0.00,122,50),
                                        -> (134,'Michael','Rogers','MROGERS','650.127.1834','1987-07-21','ST_CLERK',2900.00,0.00,122,50),
                                        -> (135,'Ki','Gee','KGEE','650.127.1734','1987-07-22','ST_CLERK',2400.00,0.00,122,50),
                                        -> (136,'Hazel','Philtanker','HPHILTAN','650.127.1634','1987-07-23','ST_CLERK',2200.00,0.00,122,50),
                                        -> (137,'Renske','Ladwig','RLADWIG','650.121.1234','1987-07-24','ST_CLERK',3600.00,0.00,123,50),
                                        -> (138,'Stephen','Stiles','SSTILES','650.121.2034','1987-07-25','ST_CLERK',3200.00,0.00,123,50),
                                        -> (139,'John','Seo','JSEO','650.121.2019','1987-07-26','ST_CLERK',2700.00,0.00,123,50),
                                        -> (140,'Joshua','Patel','JPATEL','650.121.1834','1987-07-27','ST_CLERK',2500.00,0.00,123,50),
                                        -> (141,'Trenna','Rajs','TRAJS','650.121.8009','1987-07-28','ST_CLERK',3500.00,0.00,124,50),
                                        -> (142,'Curtis','Davies','CDAVIES','650.121.2994','1987-07-29','ST_CLERK',3100.00,0.00,124,50),
                                        -> (143,'Randall','Matos','RMATOS','650.121.2874','1987-07-30','ST_CLERK',2600.00,0.00,124,50),
                                        -> (144,'Peter','Vargas','PVARGAS','650.121.2004','1987-07-31','ST_CLERK',2500.00,0.00,124,50),
                                        -> (145,'John','Russell','JRUSSEL','011.44.1344.429268','1987-08-01','SA_MAN',14000.00,0.40,100,80),
                                        -> (146,'Karen','Partners','KPARTNER','011.44.1344.467268','1987-08-02','SA_MAN',13500.00,0.30,100,80),
                                        -> (147,'Alberto','Errazuriz','AERRAZUR','011.44.1344.429278','1987-08-03','SA_MAN',12000.00,0.30,100,80),
                                        -> (148,'Gerald','Cambrault','GCAMBRAU','011.44.1344.619268','1987-08-04','SA_MAN',11000.00,0.30,100,80),
                                        -> (149,'Eleni','Zlotkey','EZLOTKEY','011.44.1344.429018','1987-08-05','SA_MAN',10500.00,0.20,100,80),
                                        -> (150,'Peter','Tucker','PTUCKER','011.44.1344.129268','1987-08-06','SA_REP',10000.00,0.30,145,80),
                                        -> (151,'David','Bernstein','DBERNSTE','011.44.1344.345268','1987-08-07','SA_REP',9500.00,0.25,145,80),
                                        -> (152,'Peter','Hall','PHALL','011.44.1344.478968','1987-08-08','SA_REP',9000.00,0.25,145,80),
                                        -> (153,'Christopher','Olsen','COLSEN','011.44.1344.498718','1987-08-09','SA_REP',8000.00,0.20,145,80),
                                        -> (154,'Nanette','Cambrault','NCAMBRAU','011.44.1344.987668','1987-08-10','SA_REP',7500.00,0.20,145,80),
                                        -> (155,'Oliver','Tuvault','OTUVAULT','011.44.1344.486508','1987-08-11','SA_REP',7000.00,0.15,145,80),
                                        -> (156,'Janette','King','JKING','011.44.1345.429268','1987-08-12','SA_REP',10000.00,0.35,146,80),
                                        -> (157,'Patrick','Sully','PSULLY','011.44.1345.929268','1987-08-13','SA_REP',9500.00,0.35,146,80),
                                        -> (158,'Allan','McEwen','AMCEWEN','011.44.1345.829268','1987-08-14','SA_REP',9000.00,0.35,146,80),
                                        -> (159,'Lindsey','Smith','LSMITH','011.44.1345.729268','1987-08-15','SA_REP',8000.00,0.30,146,80),
                                        -> (160,'Louise','Doran','LDORAN','011.44.1345.629268','1987-08-16','SA_REP',7500.00,0.30,146,80),
                                        -> (161,'Sarath','Sewall','SSEWALL','011.44.1345.529268','1987-08-17','SA_REP',7000.00,0.25,146,80),
                                        -> (162,'Clara','Vishney','CVISHNEY','011.44.1346.129268','1987-08-18','SA_REP',10500.00,0.25,147,80),
                                        -> (163,'Danielle','Greene','DGREENE','011.44.1346.229268','1987-08-19','SA_REP',9500.00,0.15,147,80),
                                        -> (164,'Mattea','Marvins','MMARVINS','011.44.1346.329268','1987-08-20','SA_REP',7200.00,0.10,147,80),
                                        -> (165,'David','Lee','DLEE','011.44.1346.529268','1987-08-21','SA_REP',6800.00,0.10,147,80),
                                        -> (166,'Sundar','Ande','SANDE','011.44.1346.629268','1987-08-22','SA_REP',6400.00,0.10,147,80),
                                        -> (167,'Amit','Banda','ABANDA','011.44.1346.729268','1987-08-23','SA_REP',6200.00,0.10,147,80),
                                        -> (168,'Lisa','Ozer','LOZER','011.44.1343.929268','1987-08-24','SA_REP',11500.00,0.25,148,80),
                                        -> (169,'Harrison','Bloom','HBLOOM','011.44.1343.829268','1987-08-25','SA_REP',10000.00,0.20,148,80),
                                        -> (170,'Tayler','Fox','TFOX','011.44.1343.729268','1987-08-26','SA_REP',9600.00,0.20,148,80),
                                        -> (171,'William','Smith','WSMITH','011.44.1343.629268','1987-08-27','SA_REP',7400.00,0.15,148,80),
                                        -> (172,'Elizabeth','Bates','EBATES','011.44.1343.529268','1987-08-28','SA_REP',7300.00,0.15,148,80),
                                        -> (173,'Sundita','Kumar','SKUMAR','011.44.1343.329268','1987-08-29','SA_REP',6100.00,0.10,148,80),
                                        -> (174,'Ellen','Abel','EABEL','011.44.1644.429267','1987-08-30','SA_REP',11000.00,0.30,149,80),
                                        -> (175,'Alyssa','Hutton','AHUTTON','011.44.1644.429266','1987-08-31','SA_REP',8800.00,0.25,149,80),
                                        -> (176,'Jonathon','Taylor','JTAYLOR','011.44.1644.429265','1987-09-01','SA_REP',8600.00,0.20,149,80),
                                        -> (177,'Jack','Livingston','JLIVINGS','011.44.1644.429264','1987-09-02','SA_REP',8400.00,0.20,149,80),
                                        -> (178,'Kimberely','Grant','KGRANT','011.44.1644.429263','1987-09-03','SA_REP',7000.00,0.15,149,0),
                                        -> (179,'Charles','Johnson','CJOHNSON','011.44.1644.429262','1987-09-04','SA_REP',6200.00,0.10,149,80),
                                        -> (180,'Winston','Taylor','WTAYLOR','650.507.9876','1987-09-05','SH_CLERK',3200.00,0.00,120,50),
                                        -> (181,'Jean','Fleaur','JFLEAUR','650.507.9877','1987-09-06','SH_CLERK',3100.00,0.00,120,50),
                                        -> (182,'Martha','Sullivan','MSULLIVA','650.507.9878','1987-09-07','SH_CLERK',2500.00,0.00,120,50),
                                        -> (183,'Girard','Geoni','GGEONI','650.507.9879','1987-09-08','SH_CLERK',2800.00,0.00,120,50),
                                        -> (184,'Nandita','Sarchand','NSARCHAN','650.509.1876','1987-09-09','SH_CLERK',4200.00,0.00,121,50),
                                        -> (185,'Alexis','Bull','ABULL','650.509.2876','1987-09-10','SH_CLERK',4100.00,0.00,121,50),
                                        -> (186,'Julia','Dellinger','JDELLING','650.509.3876','1987-09-11','SH_CLERK',3400.00,0.00,121,50),
                                        -> (187,'Anthony','Cabrio','ACABRIO','650.509.4876','1987-09-12','SH_CLERK',3000.00,0.00,121,50),
                                        -> (188,'Kelly','Chung','KCHUNG','650.505.1876','1987-09-13','SH_CLERK',3800.00,0.00,122,50),
                                        -> (189,'Jennifer','Dilly','JDILLY','650.505.2876','1987-09-14','SH_CLERK',3600.00,0.00,122,50),
                                        -> (190,'Timothy','Gates','TGATES','650.505.3876','1987-09-15','SH_CLERK',2900.00,0.00,122,50),
                                        -> (191,'Randall','Perkins','RPERKINS','650.505.4876','1987-09-16','SH_CLERK',2500.00,0.00,122,50),
                                        -> (192,'Sarah','Bell','SBELL','650.501.1876','1987-09-17','SH_CLERK',4000.00,0.00,123,50),
                                        -> (193,'Britney','Everett','BEVERETT','650.501.2876','1987-09-18','SH_CLERK',3900.00,0.00,123,50),
                                        -> (194,'Samuel','McCain','SMCCAIN','650.501.3876','1987-09-19','SH_CLERK',3200.00,0.00,123,50),
                                        -> (195,'Vance','Jones','VJONES','650.501.4876','1987-09-20','SH_CLERK',2800.00,0.00,123,50),
                                        -> (196,'Alana','Walsh','AWALSH','650.507.9811','1987-09-21','SH_CLERK',3100.00,0.00,124,50),
                                        -> (197,'Kevin','Feeney','KFEENEY','650.507.9822','1987-09-22','SH_CLERK',3000.00,0.00,124,50),
                                        -> (198,'Donald','OConnell','DOCONNEL','650.507.9833','1987-09-23','SH_CLERK',2600.00,0.00,124,50),
                                        -> (199,'Douglas','Grant','DGRANT','650.507.9844','1987-09-24','SH_CLERK',2600.00,0.00,124,50),
                                        -> (200,'Jennifer','Whalen','JWHALEN','515.123.4444','1987-09-25','AD_ASST',4400.00,0.00,101,10),
                                        -> (201,'Michael','Hartstein','MHARTSTE','515.123.5555','1987-09-26','MK_MAN',13000.00,0.00,100,20),
                                        -> (202,'Pat','Fay','PFAY','603.123.6666','1987-09-27','MK_REP',6000.00,0.00,201,20),
                                        -> (203,'Susan','Mavris','SMAVRIS','515.123.7777','1987-09-28','HR_REP',6500.00,0.00,101,40),
                                        -> (204,'Hermann','Baer','HBAER','515.123.8888','1987-09-29','PR_REP',10000.00,0.00,101,70),
                                        -> (205,'Shelley','Higgins','SHIGGINS','515.123.8080','1987-09-30','AC_MGR',12000.00,0.00,101,110),
                                        -> (206,'William','Gietz','WGIETZ','515.123.8181','1987-10-01','AC_ACCOUNT',8300.00,0.00,205,110);
Query OK, 107 rows affected (0.0193 sec)

Records: 107  Duplicates: 0  Warnings: 0
 MySQL  localhost:3306 ssl  empresa  SQL > CREATE TABLE job_history (
                                        -> EMPLOYEE_ID decimal(6,0) NOT NULL,
                                        -> START_DATE date NOT NULL,
                                        -> END_DATE date NOT NULL,
                                        -> JOB_ID varchar(10) NOT NULL,
                                        -> DEPARTMENT_ID decimal(4,0) DEFAULT NULL,
                                        -> PRIMARY KEY (EMPLOYEE_ID,START_DATE),
                                        -> KEY JHIST_DEPARTMENT_IX (DEPARTMENT_ID),
                                        -> KEY JHIST_EMPLOYEE_IX (EMPLOYEE_ID),
                                        -> KEY JHIST_JOB_IX (JOB_ID));
Query OK, 0 rows affected (0.0680 sec)
 MySQL  localhost:3306 ssl  empresa  SQL > INSERT INTO job_history
                                        -> VALUES (102,'1993-01-13','1998-07-24','IT_PROG',60),
                                        -> (101,'1989-09-21','1993-10-27','AC_ACCOUNT',110),
                                        -> (101,'1993-10-28','1997-03-15','AC_MGR',110),
                                        -> (201,'1996-02-17','1999-12-19','MK_REP',20),
                                        -> (114,'1998-03-24','1999-12-31','ST_CLERK',50),
                                        -> (122,'1999-01-01','1999-12-31','ST_CLERK',50),
                                        -> (200,'1987-09-17','1993-06-17','AD_ASST',90),
                                        -> (176,'1998-03-24','1998-12-31','SA_REP',80),
                                        -> (176,'1999-01-01','1999-12-31','SA_MAN',80),
                                        -> (200,'1994-07-01','1998-12-31','AC_ACCOUNT',90);
Query OK, 10 rows affected (0.0076 sec)

Records: 10  Duplicates: 0  Warnings: 0
 MySQL  localhost:3306 ssl  empresa  SQL > CREATE TABLE jobs (
                                        -> JOB_ID varchar(10) NOT NULL DEFAULT '',
                                        -> JOB_TITLE varchar(35) NOT NULL,
                                        -> MIN_SALARY decimal(6,0) DEFAULT NULL,
                                        -> MAX_SALARY decimal(6,0) DEFAULT NULL,
                                        -> PRIMARY KEY (JOB_ID));
Query OK, 0 rows affected (0.0362 sec)
 MySQL  localhost:3306 ssl  empresa  SQL > INSERT INTO jobs VALUES ('AD_PRES','President',20000,40000),
                                        -> ('AD_VP','Administration Vice President',15000,30000),
                                        -> ('AD_ASST','Administration Assistant',3000,6000),
                                        -> ('FI_MGR','Finance Manager',8200,16000),
                                        -> ('FI_ACCOUNT','Accountant',4200,9000),
                                        -> ('AC_MGR','Accounting Manager',8200,16000),
                                        -> ('AC_ACCOUNT','Public Accountant',4200,9000),
                                        -> ('SA_MAN','Sales Manager',10000,20000),
                                        -> ('SA_REP','Sales Representative',6000,12000),
                                        -> ('PU_MAN','Purchasing Manager',8000,15000),
                                        -> ('PU_CLERK','Purchasing Clerk',2500,5500),
                                        -> ('ST_MAN','Stock Manager',5500,8500),
                                        -> ('ST_CLERK','Stock Clerk',2000,5000),
                                        -> ('SH_CLERK','Shipping Clerk',2500,5500),
                                        -> ('IT_PROG','Programmer',4000,10000),
                                        -> ('MK_MAN','Marketing Manager',9000,15000),
                                        -> ('MK_REP','Marketing Representative',4000,9000),
                                        -> ('HR_REP','Human Resources Representative',4000,9000),
                                        -> ('PR_REP','Public Relations Representative',4500,10500);
Query OK, 19 rows affected (0.0086 sec)

Records: 19  Duplicates: 0  Warnings: 0
 MySQL  localhost:3306 ssl  empresa  SQL > CREATE TABLE locations (
                                        -> LOCATION_ID decimal(4,0) NOT NULL DEFAULT '0',
                                        -> STREET_ADDRESS varchar(40) DEFAULT NULL,
                                        -> POSTAL_CODE varchar(12) DEFAULT NULL,
                                        -> CITY varchar(30) NOT NULL,
                                        -> STATE_PROVINCE varchar(25) DEFAULT NULL,
                                        -> COUNTRY_ID varchar(2) DEFAULT NULL,
                                        -> PRIMARY KEY (LOCATION_ID),
                                        -> KEY LOC_CITY_IX (CITY),
                                        -> KEY LOC_COUNTRY_IX (COUNTRY_ID),
                                        -> KEY LOC_STATE_PROVINCE_IX (STATE_PROVINCE));
Query OK, 0 rows affected (0.0477 sec)
 MySQL  localhost:3306 ssl  empresa  SQL > INSERT INTO locations
                                        -> VALUES (1000,'1297 Via Cola di Rie','989','Roma','','IT'),
                                        -> (1100,'93091 Calle della Testa','10934','Venice','','IT'),
                                        -> (1200,'2017 Shinjuku-ku','1689','Tokyo','Tokyo Prefecture','JP'),
                                        -> (1300,'9450 Kamiya-cho','6823','Hiroshima','','JP'),
                                        -> (1400,'2014 Jabberwocky Rd','26192','Southlake','Texas','US'),
                                        -> (1500,'2011 Interiors Blvd','99236','South San Francisco','California','US'),

                                        -> (1600,'2007 Zagora St','50090','South Brunswick','New Jersey','US'),
                                        -> (1700,'2004 Charade Rd','98199','Seattle','Washington','US'),
                                        -> (1800,'147 Spadina Ave','M5V 2L7','Toronto','Ontario','CA'),
                                        -> (1900,'6092 Boxwood St','YSW 9T2','Whitehorse','Yukon','CA'),
                                        -> (2000,'40-5-12 Laogianggen','190518','Beijing','','CN'),
                                        -> (2100,'1298 Vileparle (E)','490231','Bombay','Maharashtra','IN'),
                                        -> (2200,'12-98 Victoria Street','2901','Sydney','New South Wales','AU'),
                                        -> (2300,'198 Clementi North','540198','Singapore','','SG'),
                                        -> (2400,'8204 Arthur St','','London','','UK'),
                                        -> (2500,'\"Magdalen Centre',' The Oxford ','OX9 9ZB','Oxford','Ox'),
                                        -> (2600,'9702 Chester Road','9629850293','Stretford','Manchester','UK'),
                                        -> (2700,'Schwanthalerstr. 7031','80925','Munich','Bavaria','DE'),
                                        -> (2800,'Rua Frei Caneca 1360','01307-002','Sao Paulo','Sao Paulo','BR'),
                                        -> (2900,'20 Rue des Corps-Saints','1730','Geneva','Geneve','CH'),
                                        -> (3000,'Murtenstrasse 921','3095','Bern','BE','CH'),
                                        -> (3100,'Pieter Breughelstraat 837','3029SK','Utrecht','Utrecht','NL'),
                                        -> (3200,'Mariano Escobedo 9991','11932','Mexico City','\"Distrito Federal','\"');
Query OK, 23 rows affected (0.0130 sec)

Records: 23  Duplicates: 0  Warnings: 0
 MySQL  localhost:3306 ssl  empresa  SQL > CREATE TABLE regions (
                                        -> REGION_ID decimal(5,0) NOT NULL,
                                        -> REGION_NAME varchar(25) DEFAULT NULL,
                                        -> PRIMARY KEY (REGION_ID),
                                        -> UNIQUE KEY sss (REGION_NAME));
Query OK, 0 rows affected (0.0366 sec)
 MySQL  localhost:3306 ssl  empresa  SQL > INSERT INTO regions
                                        -> VALUES (1,'Europe'),(2,'Americas'),(3,'Asia'),(4,'Middle East and Africa');
Query OK, 4 rows affected (0.0073 sec)

Records: 4  Duplicates: 0  Warnings: 0
 MySQL  localhost:3306 ssl  empresa  SQL > show tables;
+-------------------+
| Tables_in_empresa |
+-------------------+
| countries         |
| departments       |
| employees         |
| job_history       |
| jobs              |
| locations         |
| regions           |
+-------------------+
7 rows in set (0.0028 sec)
 MySQL  localhost:3306 ssl  empresa  SQL > desc countries;
+--------------+---------------+------+-----+---------+-------+
| Field        | Type          | Null | Key | Default | Extra |
+--------------+---------------+------+-----+---------+-------+
| COUNTRY_ID   | varchar(2)    | NO   | PRI | NULL    |       |
| COUNTRY_NAME | varchar(40)   | YES  |     | NULL    |       |
| REGION_ID    | decimal(10,0) | YES  | MUL | NULL    |       |
+--------------+---------------+------+-----+---------+-------+
3 rows in set (0.0022 sec)
 MySQL  localhost:3306 ssl  empresa  SQL > desc departments;
+-----------------+--------------+------+-----+---------+-------+
| Field           | Type         | Null | Key | Default | Extra |
+-----------------+--------------+------+-----+---------+-------+
| DEPARTMENT_ID   | decimal(4,0) | NO   | PRI | 0       |       |
| DEPARTMENT_NAME | varchar(30)  | NO   |     | NULL    |       |
| MANAGER_ID      | decimal(6,0) | YES  | MUL | NULL    |       |
| LOCATION_ID     | decimal(4,0) | YES  | MUL | NULL    |       |
+-----------------+--------------+------+-----+---------+-------+
4 rows in set (0.0019 sec)
 MySQL  localhost:3306 ssl  empresa  SQL > desc employees;
+----------------+--------------+------+-----+---------+-------+
| Field          | Type         | Null | Key | Default | Extra |
+----------------+--------------+------+-----+---------+-------+
| EMPLOYEE_ID    | decimal(6,0) | NO   | PRI | 0       |       |
| FIRST_NAME     | varchar(20)  | YES  |     | NULL    |       |
| LAST_NAME      | varchar(25)  | NO   | MUL | NULL    |       |
| EMAIL          | varchar(25)  | NO   | UNI | NULL    |       |
| PHONE_NUMBER   | varchar(20)  | YES  |     | NULL    |       |
| HIRE_DATE      | date         | NO   |     | NULL    |       |
| JOB_ID         | varchar(10)  | NO   | MUL | NULL    |       |
| SALARY         | decimal(8,2) | YES  |     | NULL    |       |
| COMMISSION_PCT | decimal(2,2) | YES  |     | NULL    |       |
| MANAGER_ID     | decimal(6,0) | YES  | MUL | NULL    |       |
| DEPARTMENT_ID  | decimal(4,0) | YES  | MUL | NULL    |       |
+----------------+--------------+------+-----+---------+-------+
11 rows in set (0.0020 sec)
 MySQL  localhost:3306 ssl  empresa  SQL > desc job history;
ERROR: 1146 (42S02): Table 'empresa.job' doesn't exist
 MySQL  localhost:3306 ssl  empresa  SQL > desc job_history;
+---------------+--------------+------+-----+---------+-------+
| Field         | Type         | Null | Key | Default | Extra |
+---------------+--------------+------+-----+---------+-------+
| EMPLOYEE_ID   | decimal(6,0) | NO   | PRI | NULL    |       |
| START_DATE    | date         | NO   | PRI | NULL    |       |
| END_DATE      | date         | NO   |     | NULL    |       |
| JOB_ID        | varchar(10)  | NO   | MUL | NULL    |       |
| DEPARTMENT_ID | decimal(4,0) | YES  | MUL | NULL    |       |
+---------------+--------------+------+-----+---------+-------+
5 rows in set (0.0019 sec)
 MySQL  localhost:3306 ssl  empresa  SQL > desc jobs;
+------------+--------------+------+-----+---------+-------+
| Field      | Type         | Null | Key | Default | Extra |
+------------+--------------+------+-----+---------+-------+
| JOB_ID     | varchar(10)  | NO   | PRI |         |       |
| JOB_TITLE  | varchar(35)  | NO   |     | NULL    |       |
| MIN_SALARY | decimal(6,0) | YES  |     | NULL    |       |
| MAX_SALARY | decimal(6,0) | YES  |     | NULL    |       |
+------------+--------------+------+-----+---------+-------+
4 rows in set (0.0019 sec)
 MySQL  localhost:3306 ssl  empresa  SQL > desc locations;
+----------------+--------------+------+-----+---------+-------+
| Field          | Type         | Null | Key | Default | Extra |
+----------------+--------------+------+-----+---------+-------+
| LOCATION_ID    | decimal(4,0) | NO   | PRI | 0       |       |
| STREET_ADDRESS | varchar(40)  | YES  |     | NULL    |       |
| POSTAL_CODE    | varchar(12)  | YES  |     | NULL    |       |
| CITY           | varchar(30)  | NO   | MUL | NULL    |       |
| STATE_PROVINCE | varchar(25)  | YES  | MUL | NULL    |       |
| COUNTRY_ID     | varchar(2)   | YES  | MUL | NULL    |       |
+----------------+--------------+------+-----+---------+-------+
6 rows in set (0.0019 sec)
 MySQL  localhost:3306 ssl  empresa  SQL > desc regions;
+-------------+--------------+------+-----+---------+-------+
| Field       | Type         | Null | Key | Default | Extra |
+-------------+--------------+------+-----+---------+-------+
| REGION_ID   | decimal(5,0) | NO   | PRI | NULL    |       |
| REGION_NAME | varchar(25)  | YES  | UNI | NULL    |       |
+-------------+--------------+------+-----+---------+-------+
2 rows in set (0.0018 sec)
 MySQL  localhost:3306 ssl  empresa  SQL > SELECT e.FIRST_NAME, e.LAST_NAME, d.DEPARTMENT_NAME
                                        -> FROM employees e
                                        -> INNER JOIN departments d ON e.DEPARTMENT_ID = d.DEPARTMENT_ID;
+-------------+-------------+------------------+
| FIRST_NAME  | LAST_NAME   | DEPARTMENT_NAME  |
+-------------+-------------+------------------+
| Jennifer    | Whalen      | Administration   |
| Michael     | Hartstein   | Marketing        |
| Pat         | Fay         | Marketing        |
| Den         | Raphaely    | Purchasing       |
| Alexander   | Khoo        | Purchasing       |
| Shelli      | Baida       | Purchasing       |
| Sigal       | Tobias      | Purchasing       |
| Guy         | Himuro      | Purchasing       |
| Karen       | Colmenares  | Purchasing       |
| Susan       | Mavris      | Human Resources  |
| Matthew     | Weiss       | Shipping         |
| Adam        | Fripp       | Shipping         |
| Payam       | Kaufling    | Shipping         |
| Shanta      | Vollman     | Shipping         |
| Kevin       | Mourgos     | Shipping         |
| Julia       | Nayer       | Shipping         |
| Irene       | Mikkilineni | Shipping         |
| James       | Landry      | Shipping         |
| Steven      | Markle      | Shipping         |
| Laura       | Bissot      | Shipping         |
| Mozhe       | Atkinson    | Shipping         |
| James       | Marlow      | Shipping         |
| TJ          | Olson       | Shipping         |
| Jason       | Mallin      | Shipping         |
| Michael     | Rogers      | Shipping         |
| Ki          | Gee         | Shipping         |
| Hazel       | Philtanker  | Shipping         |
| Renske      | Ladwig      | Shipping         |
| Stephen     | Stiles      | Shipping         |
| John        | Seo         | Shipping         |
| Joshua      | Patel       | Shipping         |
| Trenna      | Rajs        | Shipping         |
| Curtis      | Davies      | Shipping         |
| Randall     | Matos       | Shipping         |
| Peter       | Vargas      | Shipping         |
| Winston     | Taylor      | Shipping         |
| Jean        | Fleaur      | Shipping         |
| Martha      | Sullivan    | Shipping         |
| Girard      | Geoni       | Shipping         |
| Nandita     | Sarchand    | Shipping         |
| Alexis      | Bull        | Shipping         |
| Julia       | Dellinger   | Shipping         |
| Anthony     | Cabrio      | Shipping         |
| Kelly       | Chung       | Shipping         |
| Jennifer    | Dilly       | Shipping         |
| Timothy     | Gates       | Shipping         |
| Randall     | Perkins     | Shipping         |
| Sarah       | Bell        | Shipping         |
| Britney     | Everett     | Shipping         |
| Samuel      | McCain      | Shipping         |
| Vance       | Jones       | Shipping         |
| Alana       | Walsh       | Shipping         |
| Kevin       | Feeney      | Shipping         |
| Donald      | OConnell    | Shipping         |
| Douglas     | Grant       | Shipping         |
| Alexander   | Hunold      | IT               |
| Bruce       | Ernst       | IT               |
| David       | Austin      | IT               |
| Valli       | Pataballa   | IT               |
| Diana       | Lorentz     | IT               |
| Hermann     | Baer        | Public Relations |
| John        | Russell     | Sales            |
| Karen       | Partners    | Sales            |
| Alberto     | Errazuriz   | Sales            |
| Gerald      | Cambrault   | Sales            |
| Eleni       | Zlotkey     | Sales            |
| Peter       | Tucker      | Sales            |
| David       | Bernstein   | Sales            |
| Peter       | Hall        | Sales            |
| Christopher | Olsen       | Sales            |
| Nanette     | Cambrault   | Sales            |
| Oliver      | Tuvault     | Sales            |
| Janette     | King        | Sales            |
| Patrick     | Sully       | Sales            |
| Allan       | McEwen      | Sales            |
| Lindsey     | Smith       | Sales            |
| Louise      | Doran       | Sales            |
| Sarath      | Sewall      | Sales            |
| Clara       | Vishney     | Sales            |
| Danielle    | Greene      | Sales            |
| Mattea      | Marvins     | Sales            |
| David       | Lee         | Sales            |
| Sundar      | Ande        | Sales            |
| Amit        | Banda       | Sales            |
| Lisa        | Ozer        | Sales            |
| Harrison    | Bloom       | Sales            |
| Tayler      | Fox         | Sales            |
| William     | Smith       | Sales            |
| Elizabeth   | Bates       | Sales            |
| Sundita     | Kumar       | Sales            |
| Ellen       | Abel        | Sales            |
| Alyssa      | Hutton      | Sales            |
| Jonathon    | Taylor      | Sales            |
| Jack        | Livingston  | Sales            |
| Charles     | Johnson     | Sales            |
| Steven      | King        | Executive        |
| Neena       | Kochhar     | Executive        |
| Lex         | De Haan     | Executive        |
| Nancy       | Greenberg   | Finance          |
| Daniel      | Faviet      | Finance          |
| John        | Chen        | Finance          |
| Ismael      | Sciarra     | Finance          |
| Jose Manuel | Urman       | Finance          |
| Luis        | Popp        | Finance          |
| Shelley     | Higgins     | Accounting       |
| William     | Gietz       | Accounting       |
+-------------+-------------+------------------+
106 rows in set (0.0010 sec)
 MySQL  localhost:3306 ssl  empresa  SQL > SELECT m.FIRST_NAME AS Manager_FirstName, m.LAST_NAME AS Manager_LastName, d.DEPARTMENT_NAME
                                        -> FROM employees m
                                        -> INNER JOIN departments d ON m.DEPARTMENT_ID = d.DEPARTMENT_ID
                                        -> WHERE m.EMPLOYEE_ID = d.MANAGER_ID;
+-------------------+------------------+------------------+
| Manager_FirstName | Manager_LastName | DEPARTMENT_NAME  |
+-------------------+------------------+------------------+
| Jennifer          | Whalen           | Administration   |
| Michael           | Hartstein        | Marketing        |
| Den               | Raphaely         | Purchasing       |
| Susan             | Mavris           | Human Resources  |
| Adam              | Fripp            | Shipping         |
| Alexander         | Hunold           | IT               |
| Hermann           | Baer             | Public Relations |
| John              | Russell          | Sales            |
| Steven            | King             | Executive        |
| Nancy             | Greenberg        | Finance          |
| Shelley           | Higgins          | Accounting       |
+-------------------+------------------+------------------+
11 rows in set (0.0007 sec)
 MySQL  localhost:3306 ssl  empresa  SQL > SELECT e.FIRST_NAME, e.LAST_NAME, jh.JOB_ID, d.DEPARTMENT_NAME, jh.START_DATE, jh.END_DATE
                                        -> FROM employees e
                                        -> INNER JOIN job_history jh ON e.EMPLOYEE_ID = jh.EMPLOYEE_ID
                                        -> INNER JOIN departments d ON jh.DEPARTMENT_ID = d.DEPARTMENT_ID;
+------------+-----------+------------+-----------------+------------+------------+
| FIRST_NAME | LAST_NAME | JOB_ID     | DEPARTMENT_NAME | START_DATE | END_DATE   |
+------------+-----------+------------+-----------------+------------+------------+
| Neena      | Kochhar   | AC_ACCOUNT | Accounting      | 1989-09-21 | 1993-10-27 |
| Neena      | Kochhar   | AC_MGR     | Accounting      | 1993-10-28 | 1997-03-15 |
| Lex        | De Haan   | IT_PROG    | IT              | 1993-01-13 | 1998-07-24 |
| Den        | Raphaely  | ST_CLERK   | Shipping        | 1998-03-24 | 1999-12-31 |
| Payam      | Kaufling  | ST_CLERK   | Shipping        | 1999-01-01 | 1999-12-31 |
| Jonathon   | Taylor    | SA_REP     | Sales           | 1998-03-24 | 1998-12-31 |
| Jonathon   | Taylor    | SA_MAN     | Sales           | 1999-01-01 | 1999-12-31 |
| Jennifer   | Whalen    | AD_ASST    | Executive       | 1987-09-17 | 1993-06-17 |
| Jennifer   | Whalen    | AC_ACCOUNT | Executive       | 1994-07-01 | 1998-12-31 |
| Michael    | Hartstein | MK_REP     | Marketing       | 1996-02-17 | 1999-12-19 |
+------------+-----------+------------+-----------------+------------+------------+
10 rows in set (0.0007 sec)
 MySQL  localhost:3306 ssl  empresa  SQL > SELECT d.DEPARTMENT_NAME, l.STREET_ADDRESS, l.CITY, c.COUNTRY_NAME, r.REGION_NAME
                                        -> FROM departments d
                                        -> INNER JOIN locations l ON d.LOCATION_ID = l.LOCATION_ID
                                        -> INNER JOIN countries c ON l.COUNTRY_ID = c.COUNTRY_ID
                                        -> INNER JOIN regions r ON c.REGION_ID = r.REGION_ID;
+----------------------+-----------------------+---------------------+--------------------------+-------------+
| DEPARTMENT_NAME      | STREET_ADDRESS        | CITY                | COUNTRY_NAME             | REGION_NAME |
+----------------------+-----------------------+---------------------+--------------------------+-------------+
| Marketing            | 147 Spadina Ave       | Toronto             | Canada                   | Americas    |
| IT                   | 2014 Jabberwocky Rd   | Southlake           | United States of America | Americas    |
| Shipping             | 2011 Interiors Blvd   | South San Francisco | United States of America | Americas    |
| Administration       | 2004 Charade Rd       | Seattle             | United States of America | Americas    |
| Purchasing           | 2004 Charade Rd       | Seattle             | United States of America | Americas    |
| Executive            | 2004 Charade Rd       | Seattle             | United States of America | Americas    |
| Finance              | 2004 Charade Rd       | Seattle             | United States of America | Americas    |
| Accounting           | 2004 Charade Rd       | Seattle             | United States of America | Americas    |
| Treasury             | 2004 Charade Rd       | Seattle             | United States of America | Americas    |
| Corporate Tax        | 2004 Charade Rd       | Seattle             | United States of America | Americas    |
| Control And Credit   | 2004 Charade Rd       | Seattle             | United States of America | Americas    |
| Shareholder Services | 2004 Charade Rd       | Seattle             | United States of America | Americas    |
| Benefits             | 2004 Charade Rd       | Seattle             | United States of America | Americas    |
| Manufacturing        | 2004 Charade Rd       | Seattle             | United States of America | Americas    |
| Construction         | 2004 Charade Rd       | Seattle             | United States of America | Americas    |
| Contracting          | 2004 Charade Rd       | Seattle             | United States of America | Americas    |
| Operations           | 2004 Charade Rd       | Seattle             | United States of America | Americas    |
| IT Support           | 2004 Charade Rd       | Seattle             | United States of America | Americas    |
| NOC                  | 2004 Charade Rd       | Seattle             | United States of America | Americas    |
| IT Helpdesk          | 2004 Charade Rd       | Seattle             | United States of America | Americas    |
| Government Sales     | 2004 Charade Rd       | Seattle             | United States of America | Americas    |
| Retail Sales         | 2004 Charade Rd       | Seattle             | United States of America | Americas    |
| Recruiting           | 2004 Charade Rd       | Seattle             | United States of America | Americas    |
| Payroll              | 2004 Charade Rd       | Seattle             | United States of America | Americas    |
| Public Relations     | Schwanthalerstr. 7031 | Munich              | Germany                  | Europe      |
| Human Resources      | 8204 Arthur St        | London              | United Kingdom           | Europe      |
+----------------------+-----------------------+---------------------+--------------------------+-------------+
26 rows in set (0.0011 sec)
 MySQL  localhost:3306 ssl  empresa  SQL > SELECT m.FIRST_NAME AS Manager_FirstName, m.LAST_NAME AS Manager_LastName, e.FIRST_NAME AS Employee_FirstName, e.LAST_NAME AS Employee_LastName
                                        -> FROM employees m
                                        -> INNER JOIN employees e ON m.EMPLOYEE_ID = e.MANAGER_ID;
+-------------------+------------------+--------------------+-------------------+
| Manager_FirstName | Manager_LastName | Employee_FirstName | Employee_LastName |
+-------------------+------------------+--------------------+-------------------+
| Steven            | King             | Neena              | Kochhar           |
| Steven            | King             | Lex                | De Haan           |
| Lex               | De Haan          | Alexander          | Hunold            |
| Alexander         | Hunold           | Bruce              | Ernst             |
| Alexander         | Hunold           | David              | Austin            |
| Alexander         | Hunold           | Valli              | Pataballa         |
| Alexander         | Hunold           | Diana              | Lorentz           |
| Neena             | Kochhar          | Nancy              | Greenberg         |
| Nancy             | Greenberg        | Daniel             | Faviet            |
| Nancy             | Greenberg        | John               | Chen              |
| Nancy             | Greenberg        | Ismael             | Sciarra           |
| Nancy             | Greenberg        | Jose Manuel        | Urman             |
| Nancy             | Greenberg        | Luis               | Popp              |
| Steven            | King             | Den                | Raphaely          |
| Den               | Raphaely         | Alexander          | Khoo              |
| Den               | Raphaely         | Shelli             | Baida             |
| Den               | Raphaely         | Sigal              | Tobias            |
| Den               | Raphaely         | Guy                | Himuro            |
| Den               | Raphaely         | Karen              | Colmenares        |
| Steven            | King             | Matthew            | Weiss             |
| Steven            | King             | Adam               | Fripp             |
| Steven            | King             | Payam              | Kaufling          |
| Steven            | King             | Shanta             | Vollman           |
| Steven            | King             | Kevin              | Mourgos           |
| Matthew           | Weiss            | Julia              | Nayer             |
| Matthew           | Weiss            | Irene              | Mikkilineni       |
| Matthew           | Weiss            | James              | Landry            |
| Matthew           | Weiss            | Steven             | Markle            |
| Adam              | Fripp            | Laura              | Bissot            |
| Adam              | Fripp            | Mozhe              | Atkinson          |
| Adam              | Fripp            | James              | Marlow            |
| Adam              | Fripp            | TJ                 | Olson             |
| Payam             | Kaufling         | Jason              | Mallin            |
| Payam             | Kaufling         | Michael            | Rogers            |
| Payam             | Kaufling         | Ki                 | Gee               |
| Payam             | Kaufling         | Hazel              | Philtanker        |
| Shanta            | Vollman          | Renske             | Ladwig            |
| Shanta            | Vollman          | Stephen            | Stiles            |
| Shanta            | Vollman          | John               | Seo               |
| Shanta            | Vollman          | Joshua             | Patel             |
| Kevin             | Mourgos          | Trenna             | Rajs              |
| Kevin             | Mourgos          | Curtis             | Davies            |
| Kevin             | Mourgos          | Randall            | Matos             |
| Kevin             | Mourgos          | Peter              | Vargas            |
| Steven            | King             | John               | Russell           |
| Steven            | King             | Karen              | Partners          |
| Steven            | King             | Alberto            | Errazuriz         |
| Steven            | King             | Gerald             | Cambrault         |
| Steven            | King             | Eleni              | Zlotkey           |
| John              | Russell          | Peter              | Tucker            |
| John              | Russell          | David              | Bernstein         |
| John              | Russell          | Peter              | Hall              |
| John              | Russell          | Christopher        | Olsen             |
| John              | Russell          | Nanette            | Cambrault         |
| John              | Russell          | Oliver             | Tuvault           |
| Karen             | Partners         | Janette            | King              |
| Karen             | Partners         | Patrick            | Sully             |
| Karen             | Partners         | Allan              | McEwen            |
| Karen             | Partners         | Lindsey            | Smith             |
| Karen             | Partners         | Louise             | Doran             |
| Karen             | Partners         | Sarath             | Sewall            |
| Alberto           | Errazuriz        | Clara              | Vishney           |
| Alberto           | Errazuriz        | Danielle           | Greene            |
| Alberto           | Errazuriz        | Mattea             | Marvins           |
| Alberto           | Errazuriz        | David              | Lee               |
| Alberto           | Errazuriz        | Sundar             | Ande              |
| Alberto           | Errazuriz        | Amit               | Banda             |
| Gerald            | Cambrault        | Lisa               | Ozer              |
| Gerald            | Cambrault        | Harrison           | Bloom             |
| Gerald            | Cambrault        | Tayler             | Fox               |
| Gerald            | Cambrault        | William            | Smith             |
| Gerald            | Cambrault        | Elizabeth          | Bates             |
| Gerald            | Cambrault        | Sundita            | Kumar             |
| Eleni             | Zlotkey          | Ellen              | Abel              |
| Eleni             | Zlotkey          | Alyssa             | Hutton            |
| Eleni             | Zlotkey          | Jonathon           | Taylor            |
| Eleni             | Zlotkey          | Jack               | Livingston        |
| Eleni             | Zlotkey          | Kimberely          | Grant             |
| Eleni             | Zlotkey          | Charles            | Johnson           |
| Matthew           | Weiss            | Winston            | Taylor            |
| Matthew           | Weiss            | Jean               | Fleaur            |
| Matthew           | Weiss            | Martha             | Sullivan          |
| Matthew           | Weiss            | Girard             | Geoni             |
| Adam              | Fripp            | Nandita            | Sarchand          |
| Adam              | Fripp            | Alexis             | Bull              |
| Adam              | Fripp            | Julia              | Dellinger         |
| Adam              | Fripp            | Anthony            | Cabrio            |
| Payam             | Kaufling         | Kelly              | Chung             |
| Payam             | Kaufling         | Jennifer           | Dilly             |
| Payam             | Kaufling         | Timothy            | Gates             |
| Payam             | Kaufling         | Randall            | Perkins           |
| Shanta            | Vollman          | Sarah              | Bell              |
| Shanta            | Vollman          | Britney            | Everett           |
| Shanta            | Vollman          | Samuel             | McCain            |
| Shanta            | Vollman          | Vance              | Jones             |
| Kevin             | Mourgos          | Alana              | Walsh             |
| Kevin             | Mourgos          | Kevin              | Feeney            |
| Kevin             | Mourgos          | Donald             | OConnell          |
| Kevin             | Mourgos          | Douglas            | Grant             |
| Neena             | Kochhar          | Jennifer           | Whalen            |
| Steven            | King             | Michael            | Hartstein         |
| Michael           | Hartstein        | Pat                | Fay               |
| Neena             | Kochhar          | Susan              | Mavris            |
| Neena             | Kochhar          | Hermann            | Baer              |
| Neena             | Kochhar          | Shelley            | Higgins           |
| Shelley           | Higgins          | William            | Gietz             |
+-------------------+------------------+--------------------+-------------------+
106 rows in set (0.0010 sec)
 MySQL  localhost:3306 ssl  empresa  SQL > SELECT e.FIRST_NAME AS Employee_FirstName, e.LAST_NAME AS Employee_LastName, m.FIRST_NAME AS Manager_FirstName, m.LAST_NAME AS Manager_LastName
                                        -> FROM employees e
                                        -> LEFT JOIN employees m ON e.MANAGER_ID = m.EMPLOYEE_ID;
+--------------------+-------------------+-------------------+------------------+
| Employee_FirstName | Employee_LastName | Manager_FirstName | Manager_LastName |
+--------------------+-------------------+-------------------+------------------+
| Steven             | King              | NULL              | NULL             |
| Neena              | Kochhar           | Steven            | King             |
| Lex                | De Haan           | Steven            | King             |
| Alexander          | Hunold            | Lex               | De Haan          |
| Bruce              | Ernst             | Alexander         | Hunold           |
| David              | Austin            | Alexander         | Hunold           |
| Valli              | Pataballa         | Alexander         | Hunold           |
| Diana              | Lorentz           | Alexander         | Hunold           |
| Nancy              | Greenberg         | Neena             | Kochhar          |
| Daniel             | Faviet            | Nancy             | Greenberg        |
| John               | Chen              | Nancy             | Greenberg        |
| Ismael             | Sciarra           | Nancy             | Greenberg        |
| Jose Manuel        | Urman             | Nancy             | Greenberg        |
| Luis               | Popp              | Nancy             | Greenberg        |
| Den                | Raphaely          | Steven            | King             |
| Alexander          | Khoo              | Den               | Raphaely         |
| Shelli             | Baida             | Den               | Raphaely         |
| Sigal              | Tobias            | Den               | Raphaely         |
| Guy                | Himuro            | Den               | Raphaely         |
| Karen              | Colmenares        | Den               | Raphaely         |
| Matthew            | Weiss             | Steven            | King             |
| Adam               | Fripp             | Steven            | King             |
| Payam              | Kaufling          | Steven            | King             |
| Shanta             | Vollman           | Steven            | King             |
| Kevin              | Mourgos           | Steven            | King             |
| Julia              | Nayer             | Matthew           | Weiss            |
| Irene              | Mikkilineni       | Matthew           | Weiss            |
| James              | Landry            | Matthew           | Weiss            |
| Steven             | Markle            | Matthew           | Weiss            |
| Laura              | Bissot            | Adam              | Fripp            |
| Mozhe              | Atkinson          | Adam              | Fripp            |
| James              | Marlow            | Adam              | Fripp            |
| TJ                 | Olson             | Adam              | Fripp            |
| Jason              | Mallin            | Payam             | Kaufling         |
| Michael            | Rogers            | Payam             | Kaufling         |
| Ki                 | Gee               | Payam             | Kaufling         |
| Hazel              | Philtanker        | Payam             | Kaufling         |
| Renske             | Ladwig            | Shanta            | Vollman          |
| Stephen            | Stiles            | Shanta            | Vollman          |
| John               | Seo               | Shanta            | Vollman          |
| Joshua             | Patel             | Shanta            | Vollman          |
| Trenna             | Rajs              | Kevin             | Mourgos          |
| Curtis             | Davies            | Kevin             | Mourgos          |
| Randall            | Matos             | Kevin             | Mourgos          |
| Peter              | Vargas            | Kevin             | Mourgos          |
| John               | Russell           | Steven            | King             |
| Karen              | Partners          | Steven            | King             |
| Alberto            | Errazuriz         | Steven            | King             |
| Gerald             | Cambrault         | Steven            | King             |
| Eleni              | Zlotkey           | Steven            | King             |
| Peter              | Tucker            | John              | Russell          |
| David              | Bernstein         | John              | Russell          |
| Peter              | Hall              | John              | Russell          |
| Christopher        | Olsen             | John              | Russell          |
| Nanette            | Cambrault         | John              | Russell          |
| Oliver             | Tuvault           | John              | Russell          |
| Janette            | King              | Karen             | Partners         |
| Patrick            | Sully             | Karen             | Partners         |
| Allan              | McEwen            | Karen             | Partners         |
| Lindsey            | Smith             | Karen             | Partners         |
| Louise             | Doran             | Karen             | Partners         |
| Sarath             | Sewall            | Karen             | Partners         |
| Clara              | Vishney           | Alberto           | Errazuriz        |
| Danielle           | Greene            | Alberto           | Errazuriz        |
| Mattea             | Marvins           | Alberto           | Errazuriz        |
| David              | Lee               | Alberto           | Errazuriz        |
| Sundar             | Ande              | Alberto           | Errazuriz        |
| Amit               | Banda             | Alberto           | Errazuriz        |
| Lisa               | Ozer              | Gerald            | Cambrault        |
| Harrison           | Bloom             | Gerald            | Cambrault        |
| Tayler             | Fox               | Gerald            | Cambrault        |
| William            | Smith             | Gerald            | Cambrault        |
| Elizabeth          | Bates             | Gerald            | Cambrault        |
| Sundita            | Kumar             | Gerald            | Cambrault        |
| Ellen              | Abel              | Eleni             | Zlotkey          |
| Alyssa             | Hutton            | Eleni             | Zlotkey          |
| Jonathon           | Taylor            | Eleni             | Zlotkey          |
| Jack               | Livingston        | Eleni             | Zlotkey          |
| Kimberely          | Grant             | Eleni             | Zlotkey          |
| Charles            | Johnson           | Eleni             | Zlotkey          |
| Winston            | Taylor            | Matthew           | Weiss            |
| Jean               | Fleaur            | Matthew           | Weiss            |
| Martha             | Sullivan          | Matthew           | Weiss            |
| Girard             | Geoni             | Matthew           | Weiss            |
| Nandita            | Sarchand          | Adam              | Fripp            |
| Alexis             | Bull              | Adam              | Fripp            |
| Julia              | Dellinger         | Adam              | Fripp            |
| Anthony            | Cabrio            | Adam              | Fripp            |
| Kelly              | Chung             | Payam             | Kaufling         |
| Jennifer           | Dilly             | Payam             | Kaufling         |
| Timothy            | Gates             | Payam             | Kaufling         |
| Randall            | Perkins           | Payam             | Kaufling         |
| Sarah              | Bell              | Shanta            | Vollman          |
| Britney            | Everett           | Shanta            | Vollman          |
| Samuel             | McCain            | Shanta            | Vollman          |
| Vance              | Jones             | Shanta            | Vollman          |
| Alana              | Walsh             | Kevin             | Mourgos          |
| Kevin              | Feeney            | Kevin             | Mourgos          |
| Donald             | OConnell          | Kevin             | Mourgos          |
| Douglas            | Grant             | Kevin             | Mourgos          |
| Jennifer           | Whalen            | Neena             | Kochhar          |
| Michael            | Hartstein         | Steven            | King             |
| Pat                | Fay               | Michael           | Hartstein        |
| Susan              | Mavris            | Neena             | Kochhar          |
| Hermann            | Baer              | Neena             | Kochhar          |
| Shelley            | Higgins           | Neena             | Kochhar          |
| William            | Gietz             | Shelley           | Higgins          |
+--------------------+-------------------+-------------------+------------------+
107 rows in set (0.0008 sec)
 MySQL  localhost:3306 ssl  empresa  SQL > SELECT r.REGION_NAME, e.FIRST_NAME, e.LAST_NAME
                                        -> FROM employees e
                                        -> INNER JOIN departments d ON e.DEPARTMENT_ID = d.DEPARTMENT_ID
                                        -> INNER JOIN locations l ON d.LOCATION_ID = l.LOCATION_ID
                                        -> INNER JOIN countries c ON l.COUNTRY_ID = c.COUNTRY_ID
                                        -> INNER JOIN regions r ON c.REGION_ID = r.REGION_ID;
+-------------+-------------+-------------+
| REGION_NAME | FIRST_NAME  | LAST_NAME   |
+-------------+-------------+-------------+
| Americas    | Michael     | Hartstein   |
| Americas    | Pat         | Fay         |
| Americas    | Alexander   | Hunold      |
| Americas    | Bruce       | Ernst       |
| Americas    | David       | Austin      |
| Americas    | Valli       | Pataballa   |
| Americas    | Diana       | Lorentz     |
| Americas    | Matthew     | Weiss       |
| Americas    | Adam        | Fripp       |
| Americas    | Payam       | Kaufling    |
| Americas    | Shanta      | Vollman     |
| Americas    | Kevin       | Mourgos     |
| Americas    | Julia       | Nayer       |
| Americas    | Irene       | Mikkilineni |
| Americas    | James       | Landry      |
| Americas    | Steven      | Markle      |
| Americas    | Laura       | Bissot      |
| Americas    | Mozhe       | Atkinson    |
| Americas    | James       | Marlow      |
| Americas    | TJ          | Olson       |
| Americas    | Jason       | Mallin      |
| Americas    | Michael     | Rogers      |
| Americas    | Ki          | Gee         |
| Americas    | Hazel       | Philtanker  |
| Americas    | Renske      | Ladwig      |
| Americas    | Stephen     | Stiles      |
| Americas    | John        | Seo         |
| Americas    | Joshua      | Patel       |
| Americas    | Trenna      | Rajs        |
| Americas    | Curtis      | Davies      |
| Americas    | Randall     | Matos       |
| Americas    | Peter       | Vargas      |
| Americas    | Winston     | Taylor      |
| Americas    | Jean        | Fleaur      |
| Americas    | Martha      | Sullivan    |
| Americas    | Girard      | Geoni       |
| Americas    | Nandita     | Sarchand    |
| Americas    | Alexis      | Bull        |
| Americas    | Julia       | Dellinger   |
| Americas    | Anthony     | Cabrio      |
| Americas    | Kelly       | Chung       |
| Americas    | Jennifer    | Dilly       |
| Americas    | Timothy     | Gates       |
| Americas    | Randall     | Perkins     |
| Americas    | Sarah       | Bell        |
| Americas    | Britney     | Everett     |
| Americas    | Samuel      | McCain      |
| Americas    | Vance       | Jones       |
| Americas    | Alana       | Walsh       |
| Americas    | Kevin       | Feeney      |
| Americas    | Donald      | OConnell    |
| Americas    | Douglas     | Grant       |
| Americas    | Jennifer    | Whalen      |
| Americas    | Den         | Raphaely    |
| Americas    | Alexander   | Khoo        |
| Americas    | Shelli      | Baida       |
| Americas    | Sigal       | Tobias      |
| Americas    | Guy         | Himuro      |
| Americas    | Karen       | Colmenares  |
| Americas    | Steven      | King        |
| Americas    | Neena       | Kochhar     |
| Americas    | Lex         | De Haan     |
| Americas    | Nancy       | Greenberg   |
| Americas    | Daniel      | Faviet      |
| Americas    | John        | Chen        |
| Americas    | Ismael      | Sciarra     |
| Americas    | Jose Manuel | Urman       |
| Americas    | Luis        | Popp        |
| Americas    | Shelley     | Higgins     |
| Americas    | William     | Gietz       |
| Europe      | Hermann     | Baer        |
| Europe      | Susan       | Mavris      |
+-------------+-------------+-------------+
72 rows in set (0.0012 sec)
 MySQL  localhost:3306 ssl  empresa  SQL > SELECT r.REGION_NAME, d.DEPARTMENT_NAME
                                        -> FROM departments d
                                        -> INNER JOIN locations l ON d.LOCATION_ID = l.LOCATION_ID
                                        -> INNER JOIN countries c ON l.COUNTRY_ID = c.COUNTRY_ID
                                        -> INNER JOIN regions r ON c.REGION_ID = r.REGION_ID;
+-------------+----------------------+
| REGION_NAME | DEPARTMENT_NAME      |
+-------------+----------------------+
| Americas    | Marketing            |
| Americas    | IT                   |
| Americas    | Shipping             |
| Americas    | Administration       |
| Americas    | Purchasing           |
| Americas    | Executive            |
| Americas    | Finance              |
| Americas    | Accounting           |
| Americas    | Treasury             |
| Americas    | Corporate Tax        |
| Americas    | Control And Credit   |
| Americas    | Shareholder Services |
| Americas    | Benefits             |
| Americas    | Manufacturing        |
| Americas    | Construction         |
| Americas    | Contracting          |
| Americas    | Operations           |
| Americas    | IT Support           |
| Americas    | NOC                  |
| Americas    | IT Helpdesk          |
| Americas    | Government Sales     |
| Americas    | Retail Sales         |
| Americas    | Recruiting           |
| Americas    | Payroll              |
| Europe      | Public Relations     |
| Europe      | Human Resources      |
+-------------+----------------------+
26 rows in set (0.0009 sec)
 MySQL  localhost:3306 ssl  empresa  SQL >